"Timestamp","What should we add to our database?"
"2015/08/10 10:35:48 PM GMT","butt"
"2015/08/11 5:53:11 PM GMT","styrofoam cup"
"2015/08/11 8:05:26 PM GMT","banana"
"2015/08/11 8:16:57 PM GMT","apple"
"2015/08/11 9:10:41 PM GMT","plastic bag"
"2015/08/11 9:21:23 PM GMT","victoria's face"
"2015/08/11 9:21:54 PM GMT","victoria's butt"
"2015/08/11 9:22:05 PM GMT","victoria's dog"
"2015/08/11 9:22:15 PM GMT","victoria"
"2015/08/11 9:22:23 PM GMT","beyonce"
"2015/08/11 9:22:37 PM GMT","macklemore"
"2015/08/11 9:22:49 PM GMT","macklemore's dog"
"2015/08/11 9:23:09 PM GMT","victoria's phone"
"2015/08/11 9:23:16 PM GMT","stephanie's lemons"
"2015/08/11 9:23:26 PM GMT","stephanie's milk"
"2015/08/11 9:24:12 PM GMT","magnet"
"2015/08/11 9:48:58 PM GMT","human corpse"
"2015/08/11 10:08:56 PM GMT","can"
"2015/08/11 10:10:29 PM GMT","Brooke"
"2015/08/11 10:30:13 PM GMT","baby"
"2015/08/13 4:23:01 AM GMT","yogurt container"
"2015/08/14 12:12:06 AM GMT","plastic fork"
"2015/08/14 12:29:47 AM GMT","plastic water bottle"
"2015/08/14 2:27:09 AM GMT","Amanda Milloy"
"2015/08/14 2:43:17 AM GMT","plastic spoon"
"2015/08/14 7:44:23 PM GMT","paper plate"
"2015/08/20 5:21:36 AM GMT","paper cup"
"2015/08/22 6:36:32 PM GMT","cello "
"2015/08/30 4:07:09 AM GMT","cello "